,Program,Year,Submission counts
0,Study Permit,2013,26
1,Work Permit,2013,4
2,Work Permit,2014,21
3,Study Permit,2014,132
4,Study Permit,2015,491
5,Work Permit,2015,71
6,Study Permit,2016,642
7,Work Permit,2016,73
8,Visitor Visa,2017,19
9,Study Permit,2017,1346
10,Working Holiday,2017,19
11,Express Entry,2017,18
12,Work Permit,2017,171
13,Work Permit,2018,465
14,Visitor Visa,2018,28
15,Sponsorship,2018,163
16,Study Permit,2018,1479
17,Express Entry,2018,301
18,PNP,2018,82
19,Visitor Visa,2019,45
20,Express Entry,2019,721
21,Work Permit,2019,450
22,PNP,2019,45
23,Study Permit,2019,2166
24,Working Holiday,2019,90
25,Sponsorship,2019,407
26,Study Permit,2020,3577
27,Work Permit,2020,1504
28,Visitor Visa,2020,577
29,Citizenship,2020,232
30,PNP,2020,231
31,Express Entry,2020,3231
32,Quebec,2020,348
33,Sponsorship,2020,577
34,PNP,2021,351
35,Express Entry,2021,1229
36,Working Holiday,2021,526
37,Visitor Visa,2021,878
38,Sponsorship,2021,1930
39,Citizenship,2021,352
40,Study Permit,2021,3156
41,Work Permit,2021,1054
42,Visitor Visa,2022,680
43,Citizenship,2022,341
44,Study Permit,2022,2721
45,Work Permit,2022,1530
46,Express Entry,2022,850
47,Sponsorship,2022,1021
48,Quebec,2022,170
49,Work Permit,2023,368
50,Sponsorship,2023,122
51,Express Entry,2023,617
52,PNP,2023,184
53,Visitor Visa,2023,184
54,Study Permit,2023,798
55,Citizenship,2023,122
56,Working Holiday,2023,122
