,Program,Year,num_comments
0,Study Permit,2013,45
1,Work Permit,2013,17
2,Work Permit,2014,67
3,Study Permit,2014,563
4,Study Permit,2015,1863
5,Work Permit,2015,224
6,Study Permit,2016,2338
7,Work Permit,2016,385
8,Visitor Visa,2017,0
9,Study Permit,2017,4840
10,Working Holiday,2017,19
11,Express Entry,2017,36
12,Work Permit,2017,627
13,Work Permit,2018,3524
14,Visitor Visa,2018,168
15,Sponsorship,2018,654
16,Study Permit,2018,10968
17,Express Entry,2018,2032
18,PNP,2018,218
19,Visitor Visa,2019,405
20,Express Entry,2019,4233
21,Work Permit,2019,1800
22,PNP,2019,90
23,Study Permit,2019,11595
24,Working Holiday,2019,225
25,Sponsorship,2019,2212
26,Study Permit,2020,17637
27,Work Permit,2020,6720
28,Visitor Visa,2020,2666
29,Citizenship,2020,812
30,PNP,2020,579
31,Express Entry,2020,14075
32,Quebec,2020,348
33,Sponsorship,2020,2428
34,PNP,2021,175
35,Express Entry,2021,4749
36,Working Holiday,2021,1229
37,Visitor Visa,2021,1228
38,Sponsorship,2021,10521
39,Citizenship,2021,704
40,Study Permit,2021,21573
41,Work Permit,2021,2812
42,Visitor Visa,2022,0
43,Citizenship,2022,0
44,Study Permit,2022,4080
45,Work Permit,2022,1700
46,Express Entry,2022,0
47,Sponsorship,2022,0
48,Quebec,2022,510
49,Work Permit,2023,0
50,Sponsorship,2023,0
51,Express Entry,2023,0
52,PNP,2023,0
53,Visitor Visa,2023,0
54,Study Permit,2023,0
55,Citizenship,2023,0
56,Working Holiday,2023,0
